"brand","slug","page_url","primary_query","public_code_status","public_codes","offer","conditions","official_source","source_host","verified_at"
"Garmin","garmin","https://recentprofit.com/brands/garmin","garmin promo code","not_confirmed","","Official promotions and rebates","Use Garmin's U.S. promotions hub to check the products, dates, and eligibility shown for each current offer. No general public code is claimed here.","https://www.garmin.com/en-US/c/promotions/","www.garmin.com","2026-09-12"
"Garmin","garmin","https://recentprofit.com/brands/garmin","garmin promo code","not_confirmed","","Official U.S. shipping terms","Shipping options and any order-specific charges or benefits are shown by Garmin. Confirm the current terms before placing the order.","https://www.garmin.com/en-US/shop/shipping/","www.garmin.com","2026-09-12"
"Anker","anker","https://recentprofit.com/brands/anker","anker promo code","not_confirmed","","15% new-user code","Sign up through Anker's new-user offer page to receive an exclusive code for 15% off a first purchase. The official page says the code expires 14 days after issue and cannot be combined with other discounts.","https://www.anker.com/new-users-offer","www.anker.com","2026-09-12"
"Anker","anker","https://recentprofit.com/brands/anker","anker promo code","not_confirmed","","Education and referral offers","Anker's Hot Deals hub lists 10% off for teachers and students and 10% referral savings for both participants. Follow the official eligibility and claim flow.","https://www.anker.com/hot-deals","www.anker.com","2026-09-12"
"Anker","anker","https://recentprofit.com/brands/anker","anker promo code","not_confirmed","","Free standard shipping","Anker's U.S. shipping policy lists free standard shipping on all orders, with delivery generally stated as 3–7 business days.","https://www.anker.com/policies/shipping-policy","www.anker.com","2026-09-12"
"soundcore","soundcore","https://recentprofit.com/brands/soundcore","soundcore promo code","not_confirmed","","$1 deposit for a $30 launch code","Submit an email and pay the $1 deposit during the stated Sleep 4 or Sleep 4 Pro promotion period. soundcore says the single-use $30 code is emailed after launch and remains valid for 30 days after issue.","https://www.soundcore.com/official-rules-for-sleep-earbuds","www.soundcore.com","2026-09-12"
"soundcore","soundcore","https://recentprofit.com/brands/soundcore","soundcore promo code","not_confirmed","","Free standard shipping","soundcore's U.S. shipping policy lists free standard shipping for all customers, generally in 3–7 business days.","https://www.soundcore.com/policies/shipping-policy","www.soundcore.com","2026-09-12"
"Jackery","jackery","https://recentprofit.com/brands/jackery","jackery promo code","not_confirmed","","5% verified-student code","Complete Jackery's student verification flow to receive an additional 5% stackable discount on eligible products. New releases, refurbished products, and special collaborations are excluded.","https://www.jackery.com/pages/student-discount","www.jackery.com","2026-09-12"
"Jackery","jackery","https://recentprofit.com/brands/jackery","jackery promo code","not_confirmed","","5% eligible-group code","Medical professionals, first responders, military members, and teachers can verify eligibility for an additional 5% code under the official special-discount terms.","https://www.jackery.com/pages/special-discount","www.jackery.com","2026-09-12"
"Jackery","jackery","https://recentprofit.com/brands/jackery","jackery promo code","not_confirmed","","Official sale prices","Jackery's deals collection shows current product markdowns. These displayed prices do not require a public code unless the product page states otherwise.","https://www.jackery.com/collections/deals","www.jackery.com","2026-09-12"
"BLUETTI","bluetti","https://recentprofit.com/brands/bluetti","bluetti promo code","not_confirmed","","Power Week sale and member pricing","Use the official Power Week page for the currently displayed product prices, member-only offers, and BLUETTI Bucks benefits. No third-party code is included here.","https://www.bluettipower.com/pages/power-week","www.bluettipower.com","2026-09-12"
"BLUETTI","bluetti","https://recentprofit.com/brands/bluetti","bluetti promo code","not_confirmed","","Free U.S. shipping","BLUETTI's U.S. shipping policy states free shipping on all orders, generally with 5–7 working-day delivery for in-stock products, subject to listed regional exclusions.","https://www.bluettipower.com/pages/shipping-policy","www.bluettipower.com","2026-09-12"
"Keychron","keychron","https://recentprofit.com/brands/keychron","keychron promo code","not_confirmed","","10% single-use claim code","Complete the actions on Keychron's official page to unlock a 10% coupon. The page excludes the HE series, products launched in the prior six months, and orders during sitewide promotions.","https://www.keychron.com/pages/get-10-off-your-next-keychron-purchase","www.keychron.com","2026-09-12"
"Keychron","keychron","https://recentprofit.com/brands/keychron","keychron promo code","not_confirmed","","Official student-discount route","Use Keychron's own student-discount page to check the current eligibility and claim flow. No percentage is claimed here because the accessible page did not state one clearly.","https://www.keychron.com/pages/student-discount","www.keychron.com","2026-09-12"
"Aqara","aqara","https://recentprofit.com/brands/aqara","aqara promo code","not_confirmed","","Official U.S. deals","The Aqara deals collection shows current product and bundle prices. The cart permits one promo code per order, but no reusable public code is claimed here.","https://us.aqara.com/collections/deals","us.aqara.com","2026-09-12"
"Aqara","aqara","https://recentprofit.com/brands/aqara","aqara promo code","not_confirmed","","Automatic bundle savings up to 15%","Aqara's Build Your System page lists 8% off bundle orders of $250+, 12% off $400+, and 15% off $800+. The discount is tied to qualifying bundle orders.","https://us.aqara.com/pages/build-your-system","us.aqara.com","2026-09-12"
"Aqara","aqara","https://recentprofit.com/brands/aqara","aqara promo code","not_confirmed","","Aqara Rewards redemptions","Join the official rewards program, earn Aqara Points, and redeem available rewards from the member account. Reward availability and shipping conditions are shown in the account flow.","https://us.aqara.com/pages/aqara-rewards-hub","us.aqara.com","2026-09-12"
"Reolink","reolink","https://recentprofit.com/brands/reolink","reolink promo code","not_confirmed","","Official coupon and deals hub","Check Reolink's own guide and linked flash-sale areas for a code that is visibly current, product-eligible, and within its stated validity period. No unverified code is reproduced here.","https://reolink.com/blog/reolink-coupon-code/","reolink.com","2026-09-12"
"Reolink","reolink","https://recentprofit.com/brands/reolink","reolink promo code","not_confirmed","","Monthly Reolink Day offers","Reolink says Reolink Day occurs on the third Wednesday of each month with time-limited savings and rewards. Confirm that the event is live before relying on an offer.","https://reolink.com/us/lp/reolink-day/","reolink.com","2026-09-12"
"Roborock","roborock","https://recentprofit.com/brands/roborock","roborock promo code","not_confirmed","","5% newsletter signup benefit","Subscribe through Roborock's active-coupons page to receive the 5% signup offer. Use the conditions shown when the coupon is issued.","https://us.roborock.com/pages/customers-active-coupons","us.roborock.com","2026-09-12"
"Roborock","roborock","https://recentprofit.com/brands/roborock","roborock promo code","not_confirmed","","Verified-group discount code","Eligible military members, first responders, teachers, doctors, nurses, and hospital employees can verify status through the official page to receive a code for qualifying vacuums over $150, subject to exclusions.","https://us.roborock.com/pages/exclusive-offer","us.roborock.com","2026-09-12"
"EcoFlow","ecoflow","https://recentprofit.com/brands/ecoflow","ecoflow promo code","not_confirmed","","Official Hot Deals pricing","Use EcoFlow's U.S. Hot Deals page for current direct markdowns and product-specific conditions. These displayed prices do not require a public code unless stated on the offer.","https://us.ecoflow.com/pages/hot-deals","us.ecoflow.com","2026-09-12"
"EcoFlow","ecoflow","https://recentprofit.com/brands/ecoflow","ecoflow promo code","not_confirmed","","Verified-community discount code","Eligible military, nurse, first-responder, teacher, government, medical, and student groups can verify through EcoFlow's official program and receive a unique checkout code.","https://us.ecoflow.com/pages/discount-program","us.ecoflow.com","2026-09-12"
"EcoFlow","ecoflow","https://recentprofit.com/brands/ecoflow","ecoflow promo code","not_confirmed","","30-day official-site returns","EcoFlow's U.S. return policy permits eligible official-site items to be returned complete in original packaging within 30 days of receipt, subject to fees and product-specific terms.","https://us.ecoflow.com/pages/ecoflow-return-policy","us.ecoflow.com","2026-09-12"
"VIOFO","viofo","https://recentprofit.com/brands/viofo","viofo promo code","not_confirmed","","Current official-store sale prices","Use the prices displayed on VIOFO's official U.S. storefront. No public code is required or claimed unless VIOFO adds one to a current product or promotion page.","https://www.viofo.com/","www.viofo.com","2026-09-12"
"VIOFO","viofo","https://recentprofit.com/brands/viofo","viofo promo code","not_confirmed","","Labor Day code not current","VIOFO's official Labor Day page states that the event ran September 2–8, 2026. It is not treated as a current promotion on September 12.","https://www.viofo.com/pages/labor-day-sale","www.viofo.com","2026-09-12"
"Edifier","edifier","https://recentprofit.com/brands/edifier","edifier promo code","not_confirmed","","10% Discord-member coupon","Join Edifier's Discord community through the official-site flow. Edifier says the first-order coupon is sent to the email associated with the store account.","https://us.edifier.com/","us.edifier.com","2026-09-12"
"Edifier","edifier","https://recentprofit.com/brands/edifier","edifier promo code","not_confirmed","","Official current deals","Use Edifier's U.S. current-deals collection for the product prices and availability shown at the time of purchase.","https://edifier-online.com/collections/current-deals","edifier-online.com","2026-09-12"
"Edifier","edifier","https://recentprofit.com/brands/edifier","edifier promo code","not_confirmed","","30-day returns","Edifier's official FAQ states that eligible items can be returned within 30 days of delivery in original condition with accessories and packaging.","https://us.edifier.com/pages/faq","us.edifier.com","2026-09-12"
"ANYCUBIC","anycubic","https://recentprofit.com/brands/anycubic","anycubic promo code","not_confirmed","","$10 off $100 printer coupon","Submit an email through the active 11th Anniversary promotion to receive the printer coupon. The official article states the event runs September 2–October 8, 2026.","https://store.anycubic.com/blogs/news/anycubic-11th-anniversary-sale-2026-3d-printer-discount-material-deals","store.anycubic.com","2026-09-12"
"ANYCUBIC","anycubic","https://recentprofit.com/brands/anycubic","anycubic promo code","not_confirmed","","Anniversary prices and bundles","The official U.S. store displays current anniversary pricing, selected bundles, and material offers. Confirm the selected variant and price in the cart.","https://us.anycubic3d.com/","us.anycubic3d.com","2026-09-12"
"Dreame","dreame","https://recentprofit.com/brands/dreame","dreame promo code","not_confirmed","","Official sale prices and member deals","Use Dreame's current U.S. sale page for the displayed product markdowns, member-only offers, free gifts, and product eligibility. No public code is claimed here.","https://www.dreametech.com/pages/labor-day-sale","www.dreametech.com","2026-09-12"
"Dreame","dreame","https://recentprofit.com/brands/dreame","dreame promo code","not_confirmed","","Official-store shipping and returns","The same official page states fast free shipping and 30-day hassle-free returns. Product-specific conditions shown at checkout and in the return policy still apply.","https://www.dreametech.com/pages/labor-day-sale","www.dreametech.com","2026-09-12"
"Waterdrop","waterdrop","https://recentprofit.com/brands/waterdrop","waterdrop promo code","not_confirmed","","$20 email-signup coupon","Subscribe through Waterdrop's official deals page to receive the $20 coupon. Use the eligibility and product terms delivered with the coupon.","https://www.waterdropfilter.com/pages/waterdrop-deals","www.waterdropfilter.com","2026-09-12"
"Waterdrop","waterdrop","https://recentprofit.com/brands/waterdrop","waterdrop promo code","not_confirmed","","15% verified-group code","Eligible groups can select their status, complete VerifyPass verification, and receive a unique 15% code for eligible products.","https://www.waterdropfilter.com/pages/exclusive-discounts","www.waterdropfilter.com","2026-09-12"
"Waterdrop","waterdrop","https://recentprofit.com/brands/waterdrop","waterdrop promo code","not_confirmed","","Subscribe and save up to 10%","Waterdrop's official deals page advertises recurring subscription savings. Confirm the eligible replacement filter and cadence before subscribing.","https://www.waterdropfilter.com/pages/waterdrop-deals","www.waterdropfilter.com","2026-09-12"
"eufy","eufy","https://recentprofit.com/brands/eufy","eufy promo code","displayed_by_official_source","WSNSQGYIEI","Promo code WSNSQGYIEI","Sign up through eufy's official U.S. discount page, then enter the displayed code at checkout. The official terms say it is single-use, valid for 14 days from the email, non-stackable, and excludes accessories.","https://us.eufy.com/pages/exclusive-discounts-4","us.eufy.com","2026-09-12"
"eufy","eufy","https://recentprofit.com/brands/eufy","eufy promo code","displayed_by_official_source","WSNSQGYIEI","New-member coupons","Register and activate an official eufy member account to unlock the currently offered member coupons. Multiple discount codes cannot be combined on one order.","https://www.eufy.com/new-member-exclusive-deals","www.eufy.com","2026-09-12"
"ECOVACS","ecovacs","https://recentprofit.com/brands/ecovacs","ecovacs promo code","not_confirmed","","Official promotion prices","Use ECOVACS' U.S. promotion shop for current product and bundle prices. No general public code is claimed here.","https://www.ecovacs.com/us/shop/promotion","www.ecovacs.com","2026-09-12"
"ECOVACS","ecovacs","https://recentprofit.com/brands/ecovacs","ecovacs promo code","not_confirmed","","Four 15%-off accessory coupons","The official coupon product provides four unique, account-bound 15%-off accessory coupons valid until June 30, 2027. Codes are emailed after purchase and cannot be stacked with each other.","https://www.ecovacs.com/us/shop/virtual/accessories-coupon-prime-day","www.ecovacs.com","2026-09-12"
"ECOVACS","ecovacs","https://recentprofit.com/brands/ecovacs","ecovacs promo code","not_confirmed","","Coupon and rewards rules","ECOVACS explains where account coupons appear, how regular coupons and vouchers differ, and which promotion types can be combined. Confirm each coupon's own validity before checkout.","https://help.ecovacs.com/us/support/disclaimers","help.ecovacs.com","2026-09-12"
"ELEGOO","elegoo","https://recentprofit.com/brands/elegoo","elegoo promo code","displayed_by_official_source","EKSMS20","Promo code EKSMS20","Enter EKSMS20 at checkout for $20 off an order over $300. ELEGOO states that the code is single-use and cannot be combined with other promotions.","https://us.elegoo.com/collections/subscriber-exclusive-offer-copy","us.elegoo.com","2026-09-12"
"ELEGOO","elegoo","https://recentprofit.com/brands/elegoo","elegoo promo code","displayed_by_official_source","EKSMS20","Official discount-code guidance","ELEGOO's official guide directs shoppers to current official-site promotions and newsletter offers and says to verify each code's validity, product eligibility, and minimum order before use.","https://us.elegoo.com/pages/elegoo-discount-codes","us.elegoo.com","2026-09-12"
"LEVOIT","levoit","https://recentprofit.com/brands/levoit","levoit promo code","not_confirmed","","VerifyPass one-time code","Select the eligible group, sign in to VerifyPass, and complete verification to receive a one-time checkout code. LEVOIT says one code can be obtained every 24 hours.","https://levoit.com/pages/verify-pass","levoit.com","2026-09-12"
"LEVOIT","levoit","https://recentprofit.com/brands/levoit","levoit promo code","not_confirmed","","Official limited-time sale prices","Use LEVOIT's official sale collection for the current product markdowns and availability displayed at checkout.","https://levoit.com/collections/sale","levoit.com","2026-09-12"
"LEVOIT","levoit","https://recentprofit.com/brands/levoit","levoit promo code","not_confirmed","","30-day return policy","LEVOIT's official policy allows eligible direct purchases to be authorized for return within 30 days of delivery, subject to the RMA and condition requirements.","https://levoit.com/pages/returns-levoit","levoit.com","2026-09-12"
"Nanoleaf","nanoleaf","https://recentprofit.com/brands/nanoleaf","nanoleaf promo code","not_confirmed","","Official sale collection","Use Nanoleaf's U.S. sale collection for current product markdowns and availability. No general public code is claimed here.","https://nanoleaf.me/en-us/collections/nanoleaf-sales-and-deals","nanoleaf.me","2026-09-12"
"Nanoleaf","nanoleaf","https://recentprofit.com/brands/nanoleaf","nanoleaf promo code","not_confirmed","","Official shipping and promotion terms","Nanoleaf states that promotions and single-use codes are subject to their own terms and, unless stated otherwise, only one discount or promotional offer may be used per order.","https://nanoleaf.me/en-us/pages/shipping-orders","nanoleaf.me","2026-09-12"
"Nanoleaf","nanoleaf","https://recentprofit.com/brands/nanoleaf","nanoleaf promo code","not_confirmed","","30-day eligible returns","Nanoleaf's U.S. shop FAQ states that eligible products may be returned within 30 days, subject to condition, authorization, fees, and listed exceptions.","https://nanoleaf.me/en-us/pages/nanoleaf-shop-faq","nanoleaf.me","2026-09-12"
